in_features,out_features,sparsity,n_active_weights,n_total_weights,dense_flops,sparse_flops,t_dense_ms,t_dense_times_mask_ms,t_sparse_ms
512,512,0.0,262144,262144,134217728,134217728,0.35925958000007086,0.42753624999022577,10.330638750019716
512,512,0.5,131072,262144,134217728,67108864,0.3455254200162017,0.410446249989036,5.548695420002332
512,512,0.75,65536,262144,134217728,33554432,0.34918417000881163,0.41786000001593493,2.9055779200280085
512,512,0.9,26214,262144,134217728,13421568,0.34822040997823933,0.43837958000949584,1.2635500000033062
512,512,0.95,13107,262144,134217728,6710784,0.35189250000257744,0.4167087499808986,0.7050612500097486
512,512,0.98,5243,262144,134217728,2684416,0.34788499997375766,0.4149633300039568,0.37985457998729544
512,512,0.99,2621,262144,134217728,1341952,0.3466941700025927,0.4116824999800883,0.26970832997903926
